Letter,Residue Weight,pKa1,pl4,P1,NCISC
A,71.08,2.34,6,8.1,0.007187
C,103.15,1.96,5.07,5.5,-0.03661
D,115.09,1.88,2.77,13,-0.02382
E,129.12,2.19,3.22,12.3,0.006802
F,147.18,1.83,5.48,5.2,0.037552
G,57.05,2.34,5.97,9,0.179052
H,137.14,1.82,7.59,10.4,-0.01069
I,113.16,2.36,6.02,5.2,0.021631
K,128.18,2.18,9.74,11.3,0.017708
L,113.16,2.36,5.98,4.9,0.051672
M,131.2,2.28,5.74,5.7,0.002683
N,114.11,2.02,5.41,11.6,0.005392
P,97.12,1.99,6.3,8,0.239531
Q,128.13,2.17,5.65,10.5,0.049211
R,156.19,2.17,10.76,10.5,0.043587
S,87.08,2.21,5.68,9.2,0.004627
T,101.11,2.09,5.6,8.6,0.003352
V,99.13,2.32,5.96,5.9,0.057004
W,186.22,2.83,5.89,5.4,0.037977
Y,163.18,2.2,5.66,6.2,0.023599